{
  "info": {
    "name": "CinePlus API",
    "description": "Colección completa de Postman para CinePlus API con Auth y Profiles",
    "schema": "https://schema.getpostman.com/json/collection/v2.1.0/collection.json"
  },
  "item": [
    {
      "name": "Auth",
      "item": [
        {
          "name": "Register",
          "request": {
            "method": "POST",
            "header": [
              {
                "key": "Content-Type",
                "value": "application/json"
              }
            ],
            "body": {
              "mode": "raw",
              "raw": "{\n  \"email\": \"usuario@example.com\",\n  \"password\": \"password123\",\n  \"role\": \"USUARIO\",\n  \"nombre\": \"Juan P\\u00e9rez\"\n}"
            },
            "url": {
              "raw": "{{baseUrl}}/auth/register",
              "host": [
                "{{baseUrl}}"
              ],
              "path": [
                "auth",
                "register"
              ]
            },
            "description": "Registrar nuevo usuario. Roles disponibles: USUARIO"
          },
          "response": []
        },
        {
          "name": "Login",
          "request": {
            "method": "POST",
            "header": [
              {
                "key": "Content-Type",
                "value": "application/json"
              }
            ],
            "body": {
              "mode": "raw",
              "raw": "{\n  \"email\": \"usuario@example.com\",\n  \"password\": \"password123\"\n}"
            },
            "url": {
              "raw": "{{baseUrl}}/auth/login",
              "host": [
                "{{baseUrl}}"
              ],
              "path": [
                "auth",
                "login"
              ]
            },
            "description": "Iniciar sesión y obtener token JWT"
          },
          "response": []
        },
        {
          "name": "Get My Profile",
          "request": {
            "method": "GET",
            "header": [
              {
                "key": "Authorization",
                "value": "Bearer {{token}}",
                "type": "text"
              }
            ],
            "url": {
              "raw": "{{baseUrl}}/auth/profile",
              "host": [
                "{{baseUrl}}"
              ],
              "path": [
                "auth",
                "profile"
              ]
            },
            "description": "Obtener información del usuario autenticado (requiere token)"
          },
          "response": []
        },
        {
          "name": "Get All Users (Admin)",
          "request": {
            "method": "GET",
            "header": [
              {
                "key": "Authorization",
                "value": "Bearer {{token}}",
                "type": "text"
              }
            ],
            "url": {
              "raw": "{{baseUrl}}/auth/users",
              "host": [
                "{{baseUrl}}"
              ],
              "path": [
                "auth",
                "users"
              ]
            },
            "description": "Listar todos los usuarios del sistema (solo ADMIN)"
          },
          "response": []
        }
      ],
      "description": "Endpoints de autenticación (registro, login, perfil de usuario)"
    },
    {
      "name": "Upload Image",
      "request": {
        "method": "POST",
        "header": [],
        "body": {
          "mode": "formdata",
          "formdata": [
            {
              "key": "file",
              "type": "file",
              "src": [],
              "description": "Imagen a subir (JPG, PNG, etc.) - Máximo 5MB"
            }
          ]
        },
        "url": {
          "raw": "{{baseUrl}}/upload/image",
          "host": [
            "{{baseUrl}}"
          ],
          "path": [
            "upload",
            "image"
          ]
        },
        "description": "Sube una imagen al servidor y genera un thumbnail automáticamente"
      },
      "response": [
        {
          "name": "Upload exitoso",
          "originalRequest": {
            "method": "POST",
            "header": [],
            "body": {
              "mode": "formdata",
              "formdata": [
                {
                  "key": "file",
                  "type": "file",
                  "src": []
                }
              ]
            },
            "url": {
              "raw": "{{baseUrl}}/upload/image",
              "host": [
                "{{baseUrl}}"
              ],
              "path": [
                "upload",
                "image"
              ]
            }
          },
          "status": "Created",
          "code": 201,
          "_postman_previewlanguage": "json",
          "header": [
            {
              "key": "Content-Type",
              "value": "application/json"
            }
          ],
          "body": "{\n  \"message\": \"Imagen subida exitosamente\",\n  \"imagen\": \"uploads/1700000000000-imagen.jpg\",\n  \"imagenThumbnail\": \"uploads/thumbnails/thumb-1700000000000-imagen.jpg\"\n}"
        }
      ]
    },
    {
      "name": "Upload por Entidad",
      "item": [
        {
          "name": "Upload Pelicula Image",
          "request": {
            "method": "POST",
            "header": [
              {
                "key": "Authorization",
                "value": "Bearer {{token}}",
                "type": "text"
              }
            ],
            "body": {
              "mode": "formdata",
              "formdata": [
                {
                  "key": "file",
                  "type": "file",
                  "src": [],
                  "description": "Imagen para Pelicula (JPG, PNG, etc.) - Máximo 5MB"
                }
              ]
            },
            "url": {
              "raw": "{{baseUrl}}/pelicula/{{id}}/upload-image",
              "host": [
                "{{baseUrl}}"
              ],
              "path": [
                "pelicula",
                "{{id}}",
                "upload-image"
              ]
            },
            "description": "Sube una imagen y la asocia al Pelicula especificado. Requiere autenticación."
          },
          "response": [
            {
              "name": "Upload exitoso",
              "originalRequest": {
                "method": "POST",
                "header": [
                  {
                    "key": "Authorization",
                    "value": "Bearer {{token}}",
                    "type": "text"
                  }
                ],
                "body": {
                  "mode": "formdata",
                  "formdata": [
                    {
                      "key": "file",
                      "type": "file",
                      "src": []
                    }
                  ]
                },
                "url": {
                  "raw": "{{baseUrl}}/pelicula/507f1f77bcf86cd799439011/upload-image",
                  "host": [
                    "{{baseUrl}}"
                  ],
                  "path": [
                    "pelicula",
                    "507f1f77bcf86cd799439011",
                    "upload-image"
                  ]
                }
              },
              "status": "OK",
              "code": 200,
              "_postman_previewlanguage": "json",
              "header": [
                {
                  "key": "Content-Type",
                  "value": "application/json"
                }
              ],
              "body": "{\n  \"success\": true,\n  \"message\": \"Imagen subida y asociada exitosamente\",\n  \"data\": {\n    \"pelicula\": {\n      \"_id\": \"507f1f77bcf86cd799439011\",\n      \"imagen\": \"uploads/1700000000000-imagen.jpg\",\n      \"imagenThumbnail\": \"uploads/thumbnails/thumb-1700000000000-imagen.jpg\"\n    },\n    \"upload\": {\n      \"url\": \"uploads/1700000000000-imagen.jpg\",\n      \"thumbnailUrl\": \"uploads/thumbnails/thumb-1700000000000-imagen.jpg\"\n    }\n  }\n}"
            }
          ]
        }
      ],
      "description": "Endpoints para subir y asociar imágenes a entidades específicas: Pelicula"
    },
    {
      "name": "Servir Imágenes",
      "item": [
        {
          "name": "Get Image",
          "request": {
            "method": "GET",
            "header": [],
            "url": {
              "raw": "http://localhost:3009/uploads/{{filename}}",
              "protocol": "http",
              "host": [
                "localhost"
              ],
              "port": "3009",
              "path": [
                "uploads",
                "{{filename}}"
              ]
            },
            "description": "Obtiene una imagen subida previamente"
          },
          "response": []
        },
        {
          "name": "Get Thumbnail",
          "request": {
            "method": "GET",
            "header": [],
            "url": {
              "raw": "http://localhost:3009/uploads/thumbnails/{{filename}}",
              "protocol": "http",
              "host": [
                "localhost"
              ],
              "port": "3009",
              "path": [
                "uploads",
                "thumbnails",
                "{{filename}}"
              ]
            },
            "description": "Obtiene un thumbnail generado automáticamente"
          },
          "response": []
        }
      ],
      "description": "Endpoints para servir imágenes y thumbnails"
    },
    {
      "name": "UsuarioProfile (Profiles)",
      "item": [
        {
          "name": "Get My Profile",
          "request": {
            "method": "GET",
            "header": [],
            "url": {
              "raw": "{{baseUrl}}/usuario-profile/me",
              "host": [
                "{{baseUrl}}"
              ],
              "path": [
                "usuario-profile",
                "me"
              ]
            },
            "description": "Obtener mi UsuarioProfile (requiere rol USUARIO)"
          }
        },
        {
          "name": "Update My Profile",
          "request": {
            "method": "PUT",
            "header": [
              {
                "key": "Content-Type",
                "value": "application/json"
              }
            ],
            "body": {
              "mode": "raw",
              "raw": "{\n  \"nombre\": \"Valor de nombre\",\n  \"telefono\": \"+51 900000000\",\n  \"preferencias\": [\n    \"valor1\",\n    \"valor2\"\n  ],\n  \"historialVisto\": [\n    \"valor1\",\n    \"valor2\"\n  ]\n}"
            },
            "url": {
              "raw": "{{baseUrl}}/usuario-profile/me",
              "host": [
                "{{baseUrl}}"
              ],
              "path": [
                "usuario-profile",
                "me"
              ]
            },
            "description": "Actualizar mi UsuarioProfile (requiere rol USUARIO)"
          }
        },
        {
          "name": "List All Profiles (Admin)",
          "request": {
            "method": "GET",
            "header": [],
            "url": {
              "raw": "{{baseUrl}}/usuario-profile",
              "host": [
                "{{baseUrl}}"
              ],
              "path": [
                "usuario-profile"
              ]
            },
            "description": "Listar todos los UsuarioProfile (requiere rol ADMIN)"
          }
        },
        {
          "name": "Get Profile by UserId (Admin)",
          "request": {
            "method": "GET",
            "header": [],
            "url": {
              "raw": "{{baseUrl}}/usuario-profile/:userId",
              "host": [
                "{{baseUrl}}"
              ],
              "path": [
                "usuario-profile",
                ":userId"
              ],
              "variable": [
                {
                  "key": "userId",
                  "value": "",
                  "description": "ID del usuario"
                }
              ]
            },
            "description": "Obtener UsuarioProfile por userId (requiere rol ADMIN)"
          }
        }
      ]
    },
    {
      "name": "Película",
      "item": [
        {
          "name": "Películas Disponibles",
          "request": {
            "method": "GET",
            "header": [
              {
                "key": "Authorization",
                "value": "Bearer {{token}}",
                "type": "text"
              }
            ],
            "url": {
              "raw": "{{baseUrl}}/pelicula/disponibles",
              "host": [
                "{{baseUrl}}"
              ],
              "path": [
                "pelicula",
                "disponibles"
              ]
            },
            "description": "Películas en cartelera"
          },
          "response": []
        },
        {
          "name": "Películas por Género",
          "request": {
            "method": "GET",
            "header": [
              {
                "key": "Authorization",
                "value": "Bearer {{token}}",
                "type": "text"
              }
            ],
            "url": {
              "raw": "{{baseUrl}}/pelicula/genero/{{genero}}",
              "host": [
                "{{baseUrl}}"
              ],
              "path": [
                "pelicula",
                "genero",
                "{{genero}}"
              ]
            },
            "description": "Filtrar por género"
          },
          "response": []
        }
      ],
      "description": "Endpoints específicos de Película"
    },
    {
      "name": "Entrada",
      "item": [
        {
          "name": "Mis Entradas",
          "request": {
            "method": "GET",
            "header": [
              {
                "key": "Authorization",
                "value": "Bearer {{token}}",
                "type": "text"
              }
            ],
            "url": {
              "raw": "{{baseUrl}}/entrada/usuario/{{usuarioId}}",
              "host": [
                "{{baseUrl}}"
              ],
              "path": [
                "entrada",
                "usuario",
                "{{usuarioId}}"
              ]
            },
            "description": "Historial de entradas"
          },
          "response": []
        },
        {
          "name": "Comprar Entrada",
          "request": {
            "method": "POST",
            "header": [
              {
                "key": "Authorization",
                "value": "Bearer {{token}}",
                "type": "text"
              },
              {
                "key": "Content-Type",
                "value": "application/json"
              }
            ],
            "url": {
              "raw": "{{baseUrl}}/entrada/comprar",
              "host": [
                "{{baseUrl}}"
              ],
              "path": [
                "entrada",
                "comprar"
              ]
            },
            "description": "Comprar entrada",
            "body": {
              "mode": "raw",
              "raw": "{\n  \"usuarioId\": \"{{usuarioId}}\",\n  \"peliculaId\": \"{{peliculaId}}\"\n}"
            }
          },
          "response": []
        }
      ],
      "description": "Endpoints específicos de Entrada"
    }
  ],
  "variable": [
    {
      "key": "baseUrl",
      "value": "http://localhost:3009/api",
      "type": "string"
    },
    {
      "key": "token",
      "value": "",
      "type": "string"
    },
    {
      "key": "id",
      "value": "",
      "type": "string"
    },
    {
      "key": "filename",
      "value": "",
      "type": "string"
    },
    {
      "key": "genero",
      "value": "",
      "type": "string"
    },
    {
      "key": "usuarioId",
      "value": "",
      "type": "string"
    },
    {
      "key": "peliculaId",
      "value": "",
      "type": "string"
    }
  ]
}